mode,komoditas,window,units,epochs,batch_size,test_MAE,test_RMSE,test_MAPE,forecast_MAPE_Okt2025
univariate,Cabai Rawit,7,32,150,32,967.9980916714438,2355.88880012686,3.806652823788375,48.01466598851407
univariate,Cabai Rawit,7,64,150,32,889.0338033973613,2322.054046503247,3.442419299814266,44.333544375391085
univariate,Cabai Rawit,14,32,150,32,937.5802030879739,2379.7021147910973,3.062680041075087,21.251077089957498
univariate,Cabai Rawit,14,64,150,32,835.8006886848332,2334.2215039708476,2.86675832553984,24.589991504372684
univariate,Cabai Rawit,30,32,150,32,835.1284254807692,2399.921995581235,2.672043092149176,14.76471524913008
univariate,Cabai Rawit,30,64,150,32,774.4646133814105,2376.27888598885,2.5627630366790055,14.230698923883242
