mode,komoditas,window,units,epochs,batch_size,test_MAE,test_RMSE,test_MAPE,forecast_MAPE_Okt2025
multivariate,Minyak Goreng,7,32,150,32,50.312016198394495,79.99670336273094,0.3719257869892123,0.24072470498233234
multivariate,Minyak Goreng,7,64,150,32,116.89330830705275,133.68489126133363,0.8756404945372184,5.9602433211274075
multivariate,Minyak Goreng,14,32,150,32,81.58895512440758,120.1711033201518,0.5940121964830222,1.6838652070572706
multivariate,Minyak Goreng,14,64,150,32,43.54595397659953,78.91366981463474,0.323357312740542,1.0896965827133227
multivariate,Minyak Goreng,30,32,150,32,58.630809294871796,94.07678781463247,0.427980483465948,0.2594579736667584
multivariate,Minyak Goreng,30,64,150,32,56.57603165064103,88.55885334553405,0.4203489812430997,0.2639959161929787
