mode,komoditas,window,units,epochs,batch_size,test_MAE,test_RMSE,test_MAPE,forecast_MAPE_Okt2025
univariate,Daging Ayam,7,32,150,32,302.0205705275226,482.67936762646406,0.9386576171454115,5.375005673470265
univariate,Daging Ayam,7,64,150,32,144.76360020068824,385.10574712326985,0.4525197238663972,2.7098745721806425
univariate,Daging Ayam,14,32,150,32,162.6855931575827,415.4936253716037,0.5048916563002307,3.874193404155303
univariate,Daging Ayam,14,64,150,32,142.9485059982224,393.71369118633936,0.44246188395123986,3.814492589853244
univariate,Daging Ayam,30,32,150,32,158.32593149038485,410.99180458320785,0.49797453016008875,1.1792612676041205
univariate,Daging Ayam,30,64,150,32,127.71962139423096,397.1089561990418,0.4008160592402935,1.2861197740697112
