mode,komoditas,window,units,epochs,batch_size,test_MAE,test_RMSE,test_MAPE,forecast_MAPE_Okt2025
multivariate,Telur Ayam,7,32,150,32,280.4952784547015,404.8553807181664,1.1863190777841208,8.001149075304298
multivariate,Telur Ayam,7,64,150,32,269.3605128297015,402.6288140583336,1.1421448333636586,5.740996830796414
multivariate,Telur Ayam,14,32,150,32,279.4965195497627,415.6642633533998,1.1843124885063132,1.7789175937633999
multivariate,Telur Ayam,14,64,150,32,547.5108301244072,626.2832900326073,2.3083216478127353,14.02731842412316
multivariate,Telur Ayam,30,32,150,32,561.7414863782047,650.4965203148635,2.3824936708498528,12.346106630671336
multivariate,Telur Ayam,30,64,150,32,708.4348758012818,765.9318585871258,2.980673728574029,23.128740676810843
