mode,komoditas,window,units,epochs,batch_size,test_MAE,test_RMSE,test_MAPE,forecast_MAPE_Okt2025
multivariate,Cabai Merah,7,32,150,32,1676.5070240825694,2087.695102009139,7.482336866530166,14.091521267065762
multivariate,Cabai Merah,7,64,150,32,1227.048532468464,1861.6125828633847,5.215144084632554,0.6133272592590636
multivariate,Cabai Merah,14,32,150,32,971.6454707864342,1720.9385630250156,4.263597705025933,14.619272655647311
multivariate,Cabai Merah,14,64,150,32,1281.9023576347754,1856.4456954726468,5.615257298927196,6.509208048511048
multivariate,Cabai Merah,30,32,150,32,1315.9788361378212,1849.9213277257259,5.5121642467689345,13.838586510238605
multivariate,Cabai Merah,30,64,150,32,1705.9762219551287,2136.0923002700497,7.022622616185307,3.1908703790854096
