mode,komoditas,window,units,epochs,batch_size,test_MAE,test_RMSE,test_MAPE,forecast_MAPE_Okt2025
multivariate,Cabai Rawit,7,32,150,32,1777.257991685779,2691.509795902844,7.358238175955773,103.106614473424
multivariate,Cabai Rawit,7,64,150,32,1464.6348193807328,2495.5221335359925,6.075997229479137,75.07132866645043
multivariate,Cabai Rawit,14,32,150,32,1926.9679909656388,2853.1533180860256,8.322640119245555,101.19421277505276
multivariate,Cabai Rawit,14,64,150,32,1484.137524066942,2524.568977843495,5.931594765485522,53.35230618731814
multivariate,Cabai Rawit,30,32,150,32,1231.779982972756,2533.3898843906118,4.903611251718386,25.384322171132258
multivariate,Cabai Rawit,30,64,150,32,1439.204907852563,2600.902425913274,5.814700537627243,36.7880338678244
