mode,komoditas,window,units,epochs,batch_size,test_MAE,test_RMSE,test_MAPE,forecast_MAPE_Okt2025
multivariate,Gula Pasir,7,32,150,32,83.63070706708696,96.08831032248335,0.5677000438214743,7.592654250650499
multivariate,Gula Pasir,7,64,150,32,37.97075240108991,56.34941995816024,0.25841003570452065,1.838006460156587
multivariate,Gula Pasir,14,32,150,32,172.1027797319314,179.0827169917961,1.1712718037286112,3.6916160127231055
multivariate,Gula Pasir,14,64,150,32,291.2783573385665,294.6891918153079,1.982495992455898,9.131182512772456
multivariate,Gula Pasir,30,32,150,32,122.90791266025644,129.74951633777667,0.8390137478761548,1.0496169809605371
multivariate,Gula Pasir,30,64,150,32,193.42723357371798,196.8883154196886,1.3164901638578377,4.678950321644107
