mode,komoditas,window,units,epochs,batch_size,test_MAE,test_RMSE,test_MAPE,forecast_MAPE_Okt2025
univariate,Minyak Goreng,7,32,150,32,145.063449684633,156.5624654856095,1.0760069657388216,7.362553267039792
univariate,Minyak Goreng,7,64,150,32,46.60814757740825,80.53916878665453,0.3455065424466889,1.995661467437276
univariate,Minyak Goreng,14,32,150,32,85.71283971415876,106.5733913055173,0.6324586416799792,3.0240551928516948
univariate,Minyak Goreng,14,64,150,32,19.951444942239338,70.16429372607764,0.14641330834809047,0.020199819711522918
univariate,Minyak Goreng,30,32,150,32,87.40290965544872,108.19884892312939,0.645555304339132,3.9070872486858055
univariate,Minyak Goreng,30,64,150,32,61.771429286858975,89.15620498873452,0.4559043631386015,2.957757525675172
