mode,komoditas,window,units,epochs,batch_size,test_MAE,test_RMSE,test_MAPE,forecast_MAPE_Okt2025
univariate,Beras,7,32,150,32,56.20200060923165,74.27024469301419,0.43424312743495264,2.7449097240791787
univariate,Beras,7,64,150,32,19.631177429759173,60.4312226427608,0.1493938171953152,0.6711248088932336
univariate,Beras,14,32,150,32,150.8737179724526,164.53059872836477,1.1658408797361546,8.638373814003696
univariate,Beras,14,64,150,32,124.34966491409952,137.4577106862463,0.9615070914457329,8.003234251046068
univariate,Beras,30,32,150,32,141.51553986378204,155.9598753051077,1.0914185500611675,8.047422312111445
univariate,Beras,30,64,150,32,73.1664312900641,92.61914574503582,0.5637382312045249,5.138931763037662
